datetime_local,settlementDate,settlementPeriod,systemSellPrice,systemBuyPrice,BIOMASS,CCGT,COAL,INTELE,INTELEC,INTEW,INTFR,INTGRNL,INTIFA2,INTIRL,INTNED,INTNEM,INTNSL,INTVKL,NPSHYD,NUCLEAR,OCGT,OIL,OTHER,PS,WIND,initialDemandOutturn,initialTransmissionSystemDemandOutturn,solar_generation_mw,temperature_2m,wind_speed_10m,cloud_cover,gas_price_close,gas_price_high,gas_price_low,sentiment_score,article_count,systemSellPrice_lag_1,systemBuyPrice_lag_1,systemSellPrice_lag_2,systemSellPrice_lag_48,systemSellPrice_rolling_24h_mean,systemSellPrice_rolling_24h_std,systemSellPrice_rolling_7d_mean,gas_price_close_lag_48,gas_price_close_lag_96,gas_price_day_change,total_interconnector_imports,daily_sentiment_lag_48,article_count_lag_48,hour,day_of_week,month,is_weekend
2020-01-08 00:00:00+00:00,2020-01-08,1,2.5,2.5,2069.0,3715.0,574.0,0.0,0.0,-72.0,-672.0,0.0,0.0,-326.0,348.0,-682.0,0.0,0.0,604.0,6642.0,1.0,0.0,131.0,-548.0,11559.0,22643.0,25543.0,0.0,11.9,25.1,100.0,11.96500015258789,12.050000190734863,11.824999809265137,-0.0658497142139822,36,4.5,4.5,28.16,5.1,28.75125,21.232893853240515,28.73653922619048,11.93000030517578,12.279999732971191,-0.3499994277954101,-1404.0,-0.20134310996426,35.0,0,2,1,0
2020-01-08 00:30:00+00:00,2020-01-08,2,2.5,2.5,2054.0,3920.0,590.0,0.0,0.0,-16.0,-672.0,0.0,0.0,-388.0,340.0,-680.0,0.0,0.0,604.0,6639.0,1.0,0.0,133.0,-20.0,11210.0,23050.0,25427.0,0.0,11.65,25.3,76.5,11.96500015258789,12.050000190734863,11.824999809265137,-0.0658497142139822,36,2.5,2.5,4.5,23.72,28.69708333333333,21.297731070676647,28.592491607142858,11.93000030517578,12.279999732971191,-0.3499994277954101,-1416.0,-0.20134310996426,35.0,0,2,1,0
2020-01-08 01:00:00+00:00,2020-01-08,3,2.5,2.5,2224.0,3999.0,388.0,0.0,0.0,-140.0,-672.0,0.0,0.0,-456.0,412.0,-624.0,0.0,0.0,625.0,6650.0,1.0,0.0,126.0,-252.0,11343.0,22865.0,25635.0,0.0,11.4,25.5,53.0,11.96500015258789,12.050000190734863,11.824999809265137,-0.0658497142139822,36,2.5,2.5,2.5,24.08,28.255,21.62102119343137,28.44814636904762,11.93000030517578,12.279999732971191,-0.3499994277954101,-1480.0,-0.20134310996426,35.0,1,2,1,0
2020-01-08 01:30:00+00:00,2020-01-08,4,2.5,2.5,2235.0,3729.0,337.0,0.0,0.0,-220.0,-672.0,0.0,0.0,-456.0,412.0,-624.0,0.0,0.0,622.0,6686.0,1.0,0.0,134.0,-504.0,11353.0,22313.0,25387.0,0.0,11.3,25.8,76.0,11.96500015258789,12.050000190734863,11.824999809265137,-0.0658497142139822,36,2.5,2.5,2.5,22.8,27.80541666666667,21.931813864730003,28.36817595238095,11.93000030517578,12.279999732971191,-0.3499994277954101,-1560.0,-0.20134310996426,35.0,1,2,1,0
2020-01-08 02:00:00+00:00,2020-01-08,5,14.56,14.56,2240.0,3659.0,503.0,0.0,0.0,-384.0,-678.0,0.0,0.0,-456.0,136.0,-128.0,0.0,0.0,621.0,6699.0,1.0,0.0,126.0,-922.0,11335.0,22062.0,25217.0,0.0,11.2,26.1,99.0,11.96500015258789,12.050000190734863,11.824999809265137,-0.0658497142139822,36,2.5,2.5,2.5,22.0,27.3825,22.224164680470693,28.29073547619048,11.93000030517578,12.279999732971191,-0.3499994277954101,-1510.0,-0.20134310996426,35.0,2,2,1,0
2020-01-08 02:30:00+00:00,2020-01-08,6,14.28,14.28,2243.0,3608.0,532.0,0.0,0.0,-442.0,-678.0,0.0,0.0,-456.0,128.0,-116.0,0.0,0.0,621.0,6694.0,1.0,0.0,144.0,-926.0,11118.0,21791.0,25008.0,0.0,11.0,25.4,99.0,11.96500015258789,12.050000190734863,11.824999809265137,-0.0658497142139822,36,14.56,14.56,2.5,5.1,27.2275,22.2883550837747,28.257342619047616,11.93000030517578,12.279999732971191,-0.3499994277954101,-1564.0,-0.20134310996426,35.0,2,2,1,0
2020-01-08 03:00:00+00:00,2020-01-08,7,2.5,2.5,2208.0,3416.0,559.0,0.0,0.0,-484.0,-684.0,0.0,0.0,-456.0,0.0,40.0,0.0,0.0,621.0,6696.0,0.0,0.0,119.0,-1046.0,11226.0,21487.0,24756.0,0.0,10.8,24.7,99.0,11.96500015258789,12.050000190734863,11.824999809265137,-0.0658497142139822,36,14.28,14.28,14.56,2.5,27.41875,22.13329163057893,28.226121845238097,11.93000030517578,12.279999732971191,-0.3499994277954101,-1584.0,-0.20134310996426,35.0,3,2,1,0
2020-01-08 03:30:00+00:00,2020-01-08,8,2.5,2.5,2204.0,3469.0,517.0,0.0,0.0,-500.0,-684.0,0.0,0.0,-376.0,0.0,42.0,0.0,0.0,622.0,6694.0,0.0,0.0,114.0,-1382.0,11197.0,21194.0,24736.0,0.0,10.6,24.05,99.5,11.96500015258789,12.050000190734863,11.824999809265137,-0.0658497142139822,36,2.5,2.5,14.28,0.0,27.41875,22.13329163057893,28.083264702380955,11.93000030517578,12.279999732971191,-0.3499994277954101,-1518.0,-0.20134310996426,35.0,3,2,1,0
2020-01-08 04:00:00+00:00,2020-01-08,9,28.26,28.26,2225.0,3612.0,418.0,0.0,0.0,-352.0,-704.0,0.0,0.0,-380.0,-206.0,-150.0,0.0,0.0,607.0,6684.0,1.0,0.0,114.0,-1102.0,11155.0,21241.0,24735.0,0.0,10.4,23.4,100.0,11.96500015258789,12.050000190734863,11.824999809265137,-0.0658497142139822,36,2.5,2.5,2.5,5.1,27.47083333333333,22.07024962341197,27.941895654761908,11.93000030517578,12.279999732971191,-0.3499994277954101,-1792.0,-0.20134310996426,35.0,4,2,1,0
2020-01-08 04:30:00+00:00,2020-01-08,10,29.0,29.0,2238.0,3675.0,481.0,0.0,0.0,-262.0,-706.0,0.0,0.0,-400.0,-216.0,-152.0,0.0,0.0,606.0,6686.0,1.0,0.0,104.0,-732.0,10933.0,21589.0,24656.0,0.0,10.25,21.45,95.5,11.96500015258789,12.050000190734863,11.824999809265137,-0.0658497142139822,36,28.26,28.26,2.5,0.0,27.953333333333333,21.82254449478682,27.95478238095238,11.93000030517578,12.279999732971191,-0.3499994277954101,-1736.0,-0.20134310996426,35.0,4,2,1,0
2020-01-08 05:00:00+00:00,2020-01-08,11,21.65,21.65,1780.0,3610.0,815.0,0.0,0.0,-110.0,-756.0,0.0,0.0,-254.0,408.0,-174.0,0.0,0.0,604.0,6693.0,3.0,0.0,92.0,-530.0,11060.0,22619.0,25043.0,0.0,10.1,19.5,91.0,11.96500015258789,12.050000190734863,11.824999809265137,-0.0658497142139822,36,29.0,29.0,28.26,0.0,28.5575,21.43008816415379,27.96987148809524,11.93000030517578,12.279999732971191,-0.3499994277954101,-886.0,-0.20134310996426,35.0,5,2,1,0
2020-01-08 05:30:00+00:00,2020-01-08,12,31.7,31.7,1905.0,4209.0,1041.0,0.0,0.0,-16.0,-756.0,0.0,0.0,-224.0,454.0,-174.0,0.0,0.0,602.0,6684.0,3.0,0.0,107.0,-196.0,10895.0,24003.0,25970.0,0.0,9.7,18.6,89.5,11.96500015258789,12.050000190734863,11.824999809265137,-0.0658497142139822,36,21.65,21.65,29.0,0.0,29.00854166666667,21.0405412103339,28.01644886904761,11.93000030517578,12.279999732971191,-0.3499994277954101,-716.0,-0.20134310996426,35.0,5,2,1,0
2020-01-08 06:00:00+00:00,2020-01-08,13,48.95,48.95,2205.0,5868.0,1441.0,0.0,0.0,26.0,-316.0,0.0,0.0,-80.0,348.0,212.0,0.0,0.0,603.0,6678.0,3.0,0.0,89.0,-12.0,10764.0,27432.0,28439.0,0.0,9.3,17.7,88.0,11.96500015258789,12.050000190734863,11.824999809265137,-0.0658497142139822,36,31.7,31.7,21.65,2.5,29.668958333333336,20.603614043604136,28.092936964285716,11.93000030517578,12.279999732971191,-0.3499994277954101,190.0,-0.20134310996426,35.0,6,2,1,0
2020-01-08 06:30:00+00:00,2020-01-08,14,7.0,7.0,2091.0,8778.0,2079.0,0.0,0.0,0.0,-322.0,0.0,0.0,-52.0,328.0,218.0,0.0,0.0,605.0,6685.0,4.0,0.0,98.0,-14.0,10987.0,30814.0,31802.0,0.0,9.05,17.35,90.0,11.96500015258789,12.050000190734863,11.824999809265137,-0.0658497142139822,36,48.95,48.95,31.7,2.5,30.63666666666667,20.390118104416583,28.16772863095238,11.93000030517578,12.279999732971191,-0.3499994277954101,172.0,-0.20134310996426,35.0,6,2,1,0
2020-01-08 07:00:00+00:00,2020-01-08,15,50.0,50.0,2188.0,13134.0,2743.0,0.0,0.0,-72.0,-946.0,0.0,0.0,-132.0,-432.0,2.0,0.0,0.0,656.0,6685.0,3.0,0.0,119.0,30.0,11019.0,34430.0,36623.0,0.0,8.8,17.0,92.0,11.96500015258789,12.050000190734863,11.824999809265137,-0.0658497142139822,36,7.0,7.0,48.95,52.5,30.73041666666667,20.26797767345404,28.09424648809524,11.93000030517578,12.279999732971191,-0.3499994277954101,-1580.0,-0.20134310996426,35.0,7,2,1,0
2020-01-08 07:30:00+00:00,2020-01-08,16,50.0,50.0,2204.0,15040.0,2944.0,0.0,0.0,-210.0,-962.0,0.0,0.0,-268.0,-474.0,0.0,0.0,0.0,685.0,6681.0,3.0,0.0,133.0,76.0,11145.0,36458.0,38983.0,0.0,8.8,16.65,65.5,11.96500015258789,12.050000190734863,11.824999809265137,-0.0658497142139822,36,50.0,50.0,7.0,54.0,30.678333333333335,20.21398560859281,28.171686964285712,11.93000030517578,12.279999732971191,-0.3499994277954101,-1914.0,-0.20134310996426,35.0,7,2,1,0
2020-01-08 08:00:00+00:00,2020-01-08,17,54.5,54.5,2192.0,16907.0,2994.0,0.0,0.0,-362.0,-404.0,0.0,0.0,-400.0,-788.0,-324.0,0.0,0.0,747.0,6680.0,2.0,0.0,158.0,216.0,10327.0,37305.0,40212.0,0.0,8.8,16.3,39.0,11.96500015258789,12.050000190734863,11.824999809265137,-0.0658497142139822,36,50.0,50.0,50.0,54.0,30.595,20.12383914981582,28.16573458333333,11.93000030517578,12.279999732971191,-0.3499994277954101,-2278.0,-0.20134310996426,35.0,8,2,1,0
2020-01-08 08:30:00+00:00,2020-01-08,18,50.0,50.0,2205.0,17644.0,2924.0,0.0,0.0,-508.0,-388.0,0.0,0.0,-448.0,-796.0,-330.0,0.0,0.0,722.0,6678.0,80.0,0.0,138.0,18.0,9756.0,37058.0,40141.0,0.813,8.3,15.65,59.0,11.96500015258789,12.050000190734863,11.824999809265137,-0.0658497142139822,36,54.5,54.5,50.0,51.75,30.60541666666667,20.136337531547227,28.173175059523807,11.93000030517578,12.279999732971191,-0.3499994277954101,-2470.0,-0.20134310996426,35.0,8,2,1,0
2020-01-08 09:00:00+00:00,2020-01-08,19,50.0,50.0,2215.0,17763.0,2928.0,0.0,0.0,-536.0,612.0,0.0,0.0,-446.0,-1014.0,-450.0,0.0,0.0,772.0,6684.0,95.0,0.0,141.0,108.0,9278.0,37497.0,40556.0,123.697,7.8,15.0,79.0,11.96500015258789,12.050000190734863,11.824999809265137,-0.0658497142139822,36,50.0,50.0,54.5,51.75,30.568958333333335,20.09878838727661,28.167222678571427,11.93000030517578,12.279999732971191,-0.3499994277954101,-1834.0,-0.20134310996426,35.0,9,2,1,0
2020-01-08 09:30:00+00:00,2020-01-08,20,51.5,51.5,2214.0,18262.0,2924.0,0.0,0.0,-536.0,658.0,0.0,0.0,-454.0,-1018.0,-450.0,0.0,0.0,745.0,6616.0,96.0,0.0,140.0,34.0,9077.0,37635.0,40705.0,387.505,7.75,15.0,58.5,11.96500015258789,12.050000190734863,11.824999809265137,-0.0658497142139822,36,50.0,50.0,50.0,51.75,30.5325,20.061101293458023,28.161270297619044,11.93000030517578,12.279999732971191,-0.3499994277954101,-1800.0,-0.20134310996426,35.0,9,2,1,0
2020-01-08 10:00:00+00:00,2020-01-08,21,50.0,50.0,2218.0,18358.0,2924.0,0.0,0.0,-536.0,890.0,0.0,0.0,-456.0,-1066.0,-122.0,0.0,0.0,760.0,6480.0,64.0,0.0,113.0,2.0,8676.0,37674.0,40464.0,602.53,7.7,15.0,38.0,11.96500015258789,12.050000190734863,11.824999809265137,-0.0658497142139822,36,51.5,51.5,50.0,56.0,30.52729166666667,20.05550720138013,28.16275839285714,11.93000030517578,12.279999732971191,-0.3499994277954101,-1290.0,-0.20134310996426,35.0,10,2,1,0
2020-01-08 10:30:00+00:00,2020-01-08,22,14.0,14.0,2223.0,18424.0,2922.0,0.0,0.0,-536.0,892.0,0.0,0.0,-456.0,-1068.0,-116.0,0.0,0.0,765.0,6476.0,2.0,0.0,107.0,-8.0,8986.0,37958.0,40729.0,754.841,7.949999999999999,14.9,32.0,11.96500015258789,12.050000190734863,11.824999809265137,-0.0658497142139822,36,50.0,50.0,51.5,56.0,30.40229166666667,19.911546873406,28.157103630952378,11.93000030517578,12.279999732971191,-0.3499994277954101,-1284.0,-0.20134310996426,35.0,10,2,1,0
2020-01-08 11:00:00+00:00,2020-01-08,23,4.5,4.5,2228.0,18442.0,2920.0,0.0,0.0,-536.0,442.0,0.0,0.0,-438.0,-302.0,-274.0,0.0,0.0,677.0,6476.0,3.0,0.0,106.0,12.0,8789.0,37918.0,40076.0,1052.32,8.2,14.8,26.0,11.96500015258789,12.050000190734863,11.824999809265137,-0.0658497142139822,36,14.0,14.0,50.0,51.5,29.52729166666667,19.68427299005893,28.04698458333333,11.93000030517578,12.279999732971191,-0.3499994277954101,-1108.0,-0.20134310996426,35.0,11,2,1,0
2020-01-08 11:30:00+00:00,2020-01-08,24,4.5,4.5,2222.0,18445.0,2920.0,0.0,0.0,-536.0,430.0,0.0,0.0,-446.0,-244.0,-276.0,0.0,0.0,700.0,6476.0,3.0,0.0,103.0,-10.0,8833.0,37959.0,40068.0,1319.11,8.399999999999999,14.05,58.5,11.96500015258789,12.050000190734863,11.824999809265137,-0.0658497142139822,36,4.5,4.5,14.0,50.0,28.548125,19.736920221094017,27.984216726190475,11.93000030517578,12.279999732971191,-0.3499994277954101,-1072.0,-0.20134310996426,35.0,11,2,1,0
2020-01-08 12:00:00+00:00,2020-01-08,25,51.95,51.95,2197.0,19341.0,3064.0,0.0,0.0,-536.0,414.0,0.0,0.0,-456.0,-256.0,-520.0,0.0,0.0,722.0,6475.0,3.0,0.0,79.0,-10.0,8289.0,38138.0,40515.0,1300.71,8.6,13.3,91.0,11.96500015258789,12.050000190734863,11.824999809265137,-0.0658497142139822,36,4.5,4.5,4.5,43.26,27.600208333333335,19.77730382949568,27.975288154761905,11.93000030517578,12.279999732971191,-0.3499994277954101,-1354.0,-0.20134310996426,35.0,12,2,1,0
2020-01-08 12:30:00+00:00,2020-01-08,26,51.95,51.95,2221.0,19610.0,3209.0,0.0,0.0,-536.0,414.0,0.0,0.0,-442.0,-258.0,-522.0,0.0,0.0,735.0,6476.0,3.0,0.0,72.0,-202.0,8134.0,38233.0,40776.0,1330.57,9.0,13.35,94.0,11.96500015258789,12.050000190734863,11.824999809265137,-0.0658497142139822,36,51.95,51.95,4.5,43.09,27.78125,19.96260979665778,27.97543696428572,11.93000030517578,12.279999732971191,-0.3499994277954101,-1344.0,-0.20134310996426,35.0,12,2,1,0
2020-01-08 13:00:00+00:00,2020-01-08,27,51.95,51.95,2222.0,19605.0,3215.0,0.0,0.0,-536.0,548.0,0.0,0.0,-438.0,-358.0,-502.0,0.0,0.0,722.0,6470.0,2.0,0.0,77.0,-82.0,8148.0,38436.0,40953.0,1317.52,9.4,13.4,97.0,11.96500015258789,12.050000190734863,11.824999809265137,-0.0658497142139822,36,51.95,51.95,51.95,42.24,27.96583333333333,20.147280776696284,27.975585773809524,11.93000030517578,12.279999732971191,-0.3499994277954101,-1286.0,-0.20134310996426,35.0,13,2,1,0
2020-01-08 13:30:00+00:00,2020-01-08,28,14.0,14.0,2207.0,19680.0,3235.0,0.0,0.0,-536.0,548.0,0.0,0.0,-420.0,-360.0,-504.0,0.0,0.0,739.0,6471.0,3.0,0.0,101.0,26.0,7884.0,38464.0,40890.0,1136.69,9.25,12.7,97.5,11.96500015258789,12.050000190734863,11.824999809265137,-0.0658497142139822,36,51.95,51.95,51.95,41.41,28.168125,20.341463540334708,27.978413154761903,11.93000030517578,12.279999732971191,-0.3499994277954101,-1272.0,-0.20134310996426,35.0,13,2,1,0
2020-01-08 14:00:00+00:00,2020-01-08,29,4.5,4.5,2211.0,19671.0,3176.0,0.0,0.0,-536.0,1164.0,0.0,0.0,-456.0,-214.0,-272.0,0.0,0.0,737.0,6497.0,3.0,0.0,119.0,92.0,7427.0,38983.0,41066.0,776.223,9.1,12.0,98.0,11.96500015258789,12.050000190734863,11.824999809265137,-0.0658497142139822,36,14.0,14.0,51.95,11.85,27.59708333333333,20.346554829742463,27.86829410714286,11.93000030517578,12.279999732971191,-0.3499994277954101,-314.0,-0.20134310996426,35.0,14,2,1,0
2020-01-08 14:30:00+00:00,2020-01-08,30,51.95,51.95,2208.0,19989.0,3214.0,0.0,0.0,-536.0,1182.0,0.0,0.0,-456.0,-212.0,-270.0,0.0,0.0,735.0,6503.0,4.0,0.0,133.0,-8.0,6965.0,38788.0,40874.0,518.668,8.899999999999999,11.0,98.0,11.96500015258789,12.050000190734863,11.824999809265137,-0.0658497142139822,36,4.5,4.5,14.0,11.85,27.44395833333333,20.49470453032834,27.73064529761905,11.93000030517578,12.279999732971191,-0.3499994277954101,-292.0,-0.20134310996426,35.0,14,2,1,0
2020-01-08 15:00:00+00:00,2020-01-08,31,50.95,50.95,2209.0,20208.0,3225.0,0.0,0.0,-536.0,1460.0,0.0,0.0,-456.0,-146.0,-256.0,0.0,0.0,857.0,6501.0,6.0,0.0,129.0,186.0,6394.0,39162.0,41163.0,313.819,8.7,10.0,98.0,11.96500015258789,12.050000190734863,11.824999809265137,-0.0658497142139822,36,51.95,51.95,4.5,11.9,28.279375,20.662135829770172,27.86293696428572,11.93000030517578,12.279999732971191,-0.3499994277954101,66.0,-0.20134310996426,35.0,15,2,1,0
2020-01-08 15:30:00+00:00,2020-01-08,32,60.84,60.84,2209.0,21225.0,3186.0,0.0,0.0,-536.0,1464.0,0.0,0.0,-456.0,-146.0,-256.0,0.0,0.0,918.0,6502.0,96.0,0.0,112.0,148.0,6068.0,40046.0,42010.0,116.399,8.5,9.35,90.5,11.96500015258789,12.050000190734863,11.824999809265137,-0.0658497142139822,36,50.95,50.95,51.95,40.0,29.092916666666667,20.77197671970513,27.99225244047619,11.93000030517578,12.279999732971191,-0.3499994277954101,70.0,-0.20134310996426,35.0,15,2,1,0
2020-01-08 16:00:00+00:00,2020-01-08,33,22.5,22.5,2273.0,22045.0,3272.0,0.0,0.0,-536.0,1500.0,0.0,0.0,-456.0,-116.0,684.0,0.0,0.0,1016.0,6594.0,97.0,0.0,124.0,94.0,5650.0,41723.0,43445.0,13.931,8.3,8.7,83.0,11.96500015258789,12.050000190734863,11.824999809265137,-0.0658497142139822,36,60.84,60.84,50.95,49.5,29.527083333333334,21.217811963148943,28.02213339285714,11.93000030517578,12.279999732971191,-0.3499994277954101,1076.0,-0.20134310996426,35.0,16,2,1,0
2020-01-08 16:30:00+00:00,2020-01-08,34,60.84,60.84,2269.0,22742.0,3280.0,0.0,0.0,-536.0,1500.0,0.0,0.0,-456.0,-116.0,732.0,0.0,0.0,1019.0,6723.0,97.0,0.0,153.0,854.0,5224.0,42890.0,44611.0,0.007,7.5,7.15,90.5,11.96500015258789,12.050000190734863,11.824999809265137,-0.0658497142139822,36,22.5,22.5,60.84,51.75,28.964583333333334,21.03414933199267,27.93433577380952,11.93000030517578,12.279999732971191,-0.3499994277954101,1124.0,-0.20134310996426,35.0,16,2,1,0
2020-01-08 17:00:00+00:00,2020-01-08,35,4.5,4.5,2269.0,22850.0,3283.0,0.0,0.0,-536.0,1500.0,0.0,0.0,-456.0,292.0,538.0,0.0,0.0,1018.0,6742.0,96.0,0.0,255.0,1310.0,4883.0,43422.0,45024.0,0.0,6.7,5.6,98.0,11.96500015258789,12.050000190734863,11.824999809265137,-0.0658497142139822,36,60.84,60.84,22.5,49.5,29.15395833333333,21.28310245137381,27.964216726190475,11.93000030517578,12.279999732971191,-0.3499994277954101,1338.0,-0.20134310996426,35.0,17,2,1,0
2020-01-08 17:30:00+00:00,2020-01-08,36,18.0,18.0,2273.0,23191.0,3281.0,0.0,0.0,-536.0,1500.0,0.0,0.0,-456.0,314.0,536.0,0.0,0.0,1019.0,6744.0,96.0,0.0,261.0,1382.0,4486.0,43423.0,45021.0,0.0,6.550000000000001,6.449999999999999,99.0,11.96500015258789,12.050000190734863,11.824999809265137,-0.0658497142139822,36,4.5,4.5,60.84,49.0,28.21645833333333,21.358779099857863,27.822847678571428,11.93000030517578,12.279999732971191,-0.3499994277954101,1358.0,-0.20134310996426,35.0,17,2,1,0
2020-01-08 18:00:00+00:00,2020-01-08,37,19.15,19.15,2279.0,23236.0,3286.0,0.0,0.0,-536.0,1500.0,0.0,0.0,-456.0,302.0,836.0,0.0,0.0,1008.0,6755.0,96.0,0.0,214.0,1172.0,4181.0,43176.0,44778.0,0.0,6.4,7.3,100.0,11.96500015258789,12.050000190734863,11.824999809265137,-0.0658497142139822,36,18.0,18.0,4.5,12.15,27.570625,21.18494019558294,27.721657202380957,11.93000030517578,12.279999732971191,-0.3499994277954101,1646.0,-0.20134310996426,35.0,18,2,1,0
2020-01-08 18:30:00+00:00,2020-01-08,38,56.0,56.0,2279.0,23238.0,3283.0,0.0,0.0,-536.0,1500.0,0.0,0.0,-456.0,302.0,842.0,0.0,0.0,941.0,6740.0,97.0,0.0,206.0,966.0,3655.0,42274.0,43875.0,0.0,6.550000000000001,8.35,100.0,11.96500015258789,12.050000190734863,11.824999809265137,-0.0658497142139822,36,19.15,19.15,18.0,49.0,27.716458333333332,21.10045370991308,27.624186964285716,11.93000030517578,12.279999732971191,-0.3499994277954101,1652.0,-0.20134310996426,35.0,18,2,1,0
2020-01-08 19:00:00+00:00,2020-01-08,39,56.0,56.0,2278.0,22821.0,3266.0,0.0,0.0,-536.0,1008.0,0.0,0.0,-456.0,974.0,1018.0,0.0,0.0,1016.0,6746.0,93.0,0.0,166.0,740.0,3211.0,41593.0,43191.0,0.0,6.7,9.4,100.0,11.96500015258789,12.050000190734863,11.824999809265137,-0.0658497142139822,36,56.0,56.0,19.15,49.5,27.862291666666668,21.274157056539565,27.63757982142857,11.93000030517578,12.279999732971191,-0.3499994277954101,2008.0,-0.20134310996426,35.0,19,2,1,0
2020-01-08 19:30:00+00:00,2020-01-08,40,52.0,52.0,2277.0,22496.0,3275.0,0.0,0.0,-434.0,1006.0,0.0,0.0,-456.0,974.0,1020.0,0.0,0.0,1028.0,6752.0,83.0,0.0,120.0,148.0,2913.0,40557.0,42057.0,0.0,6.7,10.45,100.0,11.96500015258789,12.050000190734863,11.824999809265137,-0.0658497142139822,36,56.0,56.0,56.0,49.5,27.997708333333332,21.43489829342073,27.65558577380952,11.93000030517578,12.279999732971191,-0.3499994277954101,2110.0,-0.20134310996426,35.0,19,2,1,0
2020-01-08 20:00:00+00:00,2020-01-08,41,51.5,51.5,2272.0,21655.0,3282.0,0.0,0.0,-296.0,1802.0,0.0,0.0,-456.0,152.0,1020.0,0.0,0.0,824.0,6748.0,4.0,0.0,104.0,236.0,2742.0,39311.0,40671.0,0.0,6.7,11.5,100.0,11.96500015258789,12.050000190734863,11.824999809265137,-0.0658497142139822,36,52.0,52.0,56.0,49.0,28.049791666666668,21.491220324111517,27.66228220238095,11.93000030517578,12.279999732971191,-0.3499994277954101,2222.0,-0.20134310996426,35.0,20,2,1,0
2020-01-08 20:30:00+00:00,2020-01-08,42,19.15,19.15,2258.0,20497.0,3232.0,0.0,0.0,-194.0,2004.0,0.0,0.0,-456.0,102.0,1018.0,0.0,0.0,778.0,6743.0,4.0,0.0,109.0,60.0,2471.0,37971.0,39232.0,0.0,6.65,12.4,100.0,11.96500015258789,12.050000190734863,11.824999809265137,-0.0658497142139822,36,51.5,51.5,52.0,12.25,28.101875000000003,21.546032231485523,27.667490535714283,11.93000030517578,12.279999732971191,-0.3499994277954101,2474.0,-0.20134310996426,35.0,20,2,1,0
2020-01-08 21:00:00+00:00,2020-01-08,43,21.25,21.25,2252.0,19290.0,2996.0,0.0,0.0,-118.0,2004.0,0.0,0.0,-456.0,128.0,776.0,0.0,0.0,743.0,6746.0,3.0,0.0,104.0,-10.0,2482.0,36107.0,37291.0,0.0,6.6,13.3,100.0,11.96500015258789,12.050000190734863,11.824999809265137,-0.0658497142139822,36,19.15,19.15,51.5,20.1,28.245625000000004,21.46087136164476,27.57121077380953,11.93000030517578,12.279999732971191,-0.3499994277954101,2334.0,-0.20134310996426,35.0,21,2,1,0
2020-01-08 21:30:00+00:00,2020-01-08,44,50.0,50.0,2219.0,17782.0,2335.0,0.0,0.0,-170.0,2004.0,0.0,0.0,-456.0,130.0,772.0,0.0,0.0,742.0,6744.0,2.0,0.0,104.0,-10.0,2479.0,33802.0,35037.0,0.0,6.5,11.2,100.0,11.96500015258789,12.050000190734863,11.824999809265137,-0.0658497142139822,36,21.25,21.25,19.15,10.9,28.269583333333333,21.452224499871992,27.48728220238096,11.93000030517578,12.279999732971191,-0.3499994277954101,2280.0,-0.20134310996426,35.0,21,2,1,0
2020-01-08 22:00:00+00:00,2020-01-08,45,18.0,18.0,2216.0,14855.0,1929.0,0.0,0.0,-36.0,2004.0,0.0,0.0,-362.0,580.0,998.0,0.0,0.0,743.0,6743.0,2.0,0.0,133.0,96.0,2575.0,31649.0,32636.0,0.0,6.4,9.1,100.0,11.96500015258789,12.050000190734863,11.824999809265137,-0.0658497142139822,36,50.0,50.0,21.25,2.5,29.084166666666672,21.520876241091983,27.482817916666672,11.93000030517578,12.279999732971191,-0.3499994277954101,3184.0,-0.20134310996426,35.0,22,2,1,0
2020-01-08 22:30:00+00:00,2020-01-08,46,18.0,18.0,2223.0,12772.0,1927.0,0.0,0.0,0.0,2004.0,0.0,0.0,-292.0,594.0,1000.0,0.0,0.0,743.0,6742.0,2.0,0.0,104.0,-8.0,2722.0,29667.0,30568.0,0.0,6.35,9.3,100.0,11.96500015258789,12.050000190734863,11.824999809265137,-0.0658497142139822,36,18.0,18.0,50.0,2.5,29.407083333333336,21.22779039205631,27.38311553571429,11.93000030517578,12.279999732971191,-0.3499994277954101,3306.0,-0.20134310996426,35.0,22,2,1,0
2020-01-08 23:00:00+00:00,2020-01-08,47,25.44,25.44,2267.0,10500.0,1928.0,0.0,0.0,58.0,1328.0,0.0,0.0,-196.0,848.0,854.0,0.0,0.0,729.0,6744.0,4.0,0.0,104.0,-10.0,3238.0,27554.0,28359.0,0.0,6.3,9.5,100.0,11.96500015258789,12.050000190734863,11.824999809265137,-0.0658497142139822,36,18.0,18.0,18.0,28.16,29.730000000000004,20.92551237329941,27.289514345238096,11.93000030517578,12.279999732971191,-0.3499994277954101,2892.0,-0.20134310996426,35.0,23,2,1,0
2020-01-08 23:30:00+00:00,2020-01-08,48,46.0,46.0,1821.0,3648.0,565.0,0.0,0.0,0.0,-668.0,0.0,0.0,-176.0,676.0,-680.0,0.0,0.0,605.0,6565.0,0.0,0.0,127.0,-488.0,11802.0,26384.0,27037.0,0.0,6.25,10.55,100.0,11.96500015258789,12.050000190734863,11.824999809265137,-0.0658497142139822,36,25.44,25.44,18.0,4.5,29.67333333333333,20.933535787519894,27.216270297619047,11.93000030517578,12.279999732971191,-0.3499994277954101,-848.0,-0.20134310996426,35.0,23,2,1,0
2020-01-09 00:00:00+00:00,2020-01-09,1,25.99,25.99,2334.0,7414.0,1921.0,0.0,0.0,118.0,1234.0,0.0,0.0,80.0,784.0,782.0,0.0,0.0,714.0,6604.0,2.0,0.0,173.0,22.0,4548.0,25982.0,26590.0,0.0,6.2,11.6,100.0,12.18000030517578,12.25,11.925000190734863,-0.194499057772405,34,46.0,46.0,25.44,2.5,30.537916666666664,20.72771317438845,27.204514345238096,11.96500015258789,11.93000030517578,0.0349998474121093,2998.0,-0.0658497142139822,36.0,0,3,1,0
2020-01-09 00:30:00+00:00,2020-01-09,2,23.61011,23.61011,2314.0,6265.0,1920.0,0.0,0.0,238.0,1228.0,0.0,0.0,82.0,776.0,778.0,0.0,0.0,705.0,6539.0,2.0,0.0,166.0,-164.0,5865.0,25952.0,26678.0,0.0,6.300000000000001,15.6,100.0,12.18000030517578,12.25,11.925000190734863,-0.194499057772405,34,25.99,25.99,46.0,2.5,31.027291666666667,20.32504677857885,27.274425059523807,11.96500015258789,11.93000030517578,0.0349998474121093,3102.0,-0.0658497142139822,36.0,0,3,1,0
2020-01-09 01:00:00+00:00,2020-01-09,3,9.14054,9.14054,2281.0,6064.0,1911.0,0.0,0.0,148.0,884.0,0.0,0.0,76.0,366.0,500.0,0.0,0.0,706.0,6536.0,3.0,0.0,168.0,-296.0,6816.0,25372.0,26267.0,0.0,6.4,19.6,100.0,12.18000030517578,12.25,11.925000190734863,-0.194499057772405,34,23.61011,23.61011,25.99,2.5,31.467085625,19.91897302697521,27.337252767857144,11.96500015258789,11.93000030517578,0.0349998474121093,1974.0,-0.0658497142139822,36.0,1,3,1,0
2020-01-09 01:30:00+00:00,2020-01-09,4,2.5,2.5,2234.0,5448.0,1896.0,0.0,0.0,38.0,878.0,0.0,0.0,-18.0,354.0,498.0,0.0,0.0,706.0,6540.0,4.0,0.0,167.0,-452.0,6984.0,24499.0,25568.0,0.0,7.0,19.5,100.0,12.18000030517578,12.25,11.925000190734863,-0.194499057772405,34,9.14054,9.14054,23.61011,2.5,31.60543020833333,19.735722968025176,27.218623422619046,11.96500015258789,11.93000030517578,0.0349998474121093,1750.0,-0.0658497142139822,36.0,1,3,1,0
2020-01-09 02:00:00+00:00,2020-01-09,5,2.5,2.5,2213.0,5969.0,1937.0,0.0,0.0,0.0,722.0,0.0,0.0,-18.0,-192.0,-200.0,0.0,0.0,704.0,6545.0,3.0,0.0,169.0,-844.0,7558.0,23829.0,25683.0,0.0,7.6,19.4,100.0,12.18000030517578,12.25,11.925000190734863,-0.194499057772405,34,2.5,2.5,9.14054,14.56,31.60543020833333,19.735722968025176,27.218623422619046,11.96500015258789,11.93000030517578,0.0349998474121093,312.0,-0.0658497142139822,36.0,2,3,1,0
2020-01-09 02:30:00+00:00,2020-01-09,6,2.5,2.5,2221.0,5458.0,1980.0,0.0,0.0,0.0,722.0,0.0,0.0,-72.0,-200.0,-226.0,0.0,0.0,705.0,6542.0,3.0,0.0,173.0,-1198.0,7972.0,23381.0,25695.0,0.0,8.649999999999999,21.4,100.0,12.18000030517578,12.25,11.925000190734863,-0.194499057772405,34,2.5,2.5,2.5,14.28,31.354180208333336,20.03188472875336,27.218623422619046,11.96500015258789,11.93000030517578,0.0349998474121093,224.0,-0.0658497142139822,36.0,2,3,1,0
2020-01-09 03:00:00+00:00,2020-01-09,7,6.0,6.0,2225.0,5910.0,1747.0,0.0,0.0,0.0,90.0,0.0,0.0,-46.0,-624.0,36.0,0.0,0.0,705.0,6630.0,1.0,0.0,170.0,-1354.0,8130.0,22943.0,25520.0,0.0,9.7,23.4,100.0,12.18000030517578,12.25,11.925000190734863,-0.194499057772405,34,2.5,2.5,2.5,2.5,31.108763541666672,20.315666394419846,27.202254375,11.96500015258789,11.93000030517578,0.0349998474121093,-544.0,-0.0658497142139822,36.0,3,3,1,0
2020-01-09 03:30:00+00:00,2020-01-09,8,6.0,6.0,2226.0,5845.0,1739.0,0.0,0.0,0.0,74.0,0.0,0.0,-166.0,-634.0,38.0,0.0,0.0,705.0,6726.0,3.0,0.0,167.0,-1536.0,8055.0,22542.0,25531.0,0.0,10.4,26.5,98.5,12.18000030517578,12.25,11.925000190734863,-0.194499057772405,34,6.0,6.0,2.5,2.5,31.181680208333336,20.21684025030308,27.14317699404761,11.96500015258789,11.93000030517578,0.0349998474121093,-688.0,-0.0658497142139822,36.0,3,3,1,0
2020-01-09 04:00:00+00:00,2020-01-09,9,16.88,16.88,2207.0,6674.0,1760.0,0.0,0.0,0.0,-1050.0,0.0,0.0,-202.0,-592.0,40.0,0.0,0.0,705.0,6752.0,2.0,0.0,167.0,-1524.0,8014.0,22271.0,26240.0,0.0,11.1,29.6,97.0,12.18000030517578,12.25,11.925000190734863,-0.194499057772405,34,6.0,6.0,6.0,28.26,31.254596875000004,20.1172587206635,27.084099613095237,11.96500015258789,11.93000030517578,0.0349998474121093,-1804.0,-0.0658497142139822,36.0,4,3,1,0
2020-01-09 04:30:00+00:00,2020-01-09,10,16.88,16.88,2220.0,6828.0,1750.0,0.0,0.0,-20.0,-1108.0,0.0,0.0,-238.0,-592.0,40.0,0.0,0.0,705.0,6749.0,0.0,0.0,168.0,-1314.0,7881.0,22433.0,26177.0,0.0,11.1,28.85,98.5,12.18000030517578,12.25,11.925000190734863,-0.194499057772405,34,16.88,16.88,6.0,29.0,31.01751354166667,20.220095356671056,26.988504375,11.96500015258789,11.93000030517578,0.0349998474121093,-1918.0,-0.0658497142139822,36.0,4,3,1,0
2020-01-09 05:00:00+00:00,2020-01-09,11,48.0,48.0,2229.0,6658.0,1989.0,0.0,0.0,0.0,-128.0,0.0,0.0,-78.0,-852.0,-816.0,0.0,0.0,718.0,6757.0,3.0,0.0,168.0,-264.0,7559.0,23219.0,25993.0,0.0,11.1,28.1,100.0,12.18000030517578,12.25,11.925000190734863,-0.194499057772405,34,16.88,16.88,16.88,21.65,30.765013541666672,20.321246962490516,26.95618294642857,11.96500015258789,11.93000030517578,0.0349998474121093,-1874.0,-0.0658497142139822,36.0,5,3,1,0
2020-01-09 05:30:00+00:00,2020-01-09,12,49.5,49.5,2228.0,7471.0,2165.0,0.0,0.0,0.0,-86.0,0.0,0.0,62.0,-856.0,-846.0,0.0,0.0,715.0,6772.0,2.0,0.0,168.0,-154.0,7413.0,24491.0,27033.0,0.0,11.1,29.200000000000003,100.0,12.18000030517578,12.25,11.925000190734863,-0.194499057772405,34,48.0,48.0,16.88,31.7,31.313971875000004,20.4254174703896,27.00424842261904,11.96500015258789,11.93000030517578,0.0349998474121093,-1726.0,-0.0658497142139822,36.0,5,3,1,0
2020-01-09 06:00:00+00:00,2020-01-09,13,48.99,48.99,2230.0,8757.0,2497.0,0.0,0.0,54.0,-712.0,0.0,0.0,82.0,-890.0,212.0,0.0,0.0,747.0,6754.0,2.0,0.0,171.0,158.0,7940.0,27534.0,29749.0,0.0,11.1,30.3,100.0,12.18000030517578,12.25,11.925000190734863,-0.194499057772405,34,49.5,49.5,48.0,48.95,31.684805208333334,20.59346760369187,27.144129374999995,11.96500015258789,11.93000030517578,0.0349998474121093,-1254.0,-0.0658497142139822,36.0,6,3,1,0
2020-01-09 06:30:00+00:00,2020-01-09,14,14.56,14.56,2220.0,11231.0,2665.0,0.0,0.0,10.0,-734.0,0.0,0.0,76.0,-890.0,272.0,0.0,0.0,749.0,6753.0,2.0,0.0,170.0,-8.0,8465.0,30577.0,32808.0,0.0,10.85,32.15,100.0,12.18000030517578,12.25,11.925000190734863,-0.194499057772405,34,48.99,48.99,49.5,7.0,31.685638541666663,20.594181917309623,27.267611517857137,11.96500015258789,11.93000030517578,0.0349998474121093,-1266.0,-0.0658497142139822,36.0,6,3,1,0
2020-01-09 07:00:00+00:00,2020-01-09,15,6.0,6.0,2210.0,13930.0,2927.0,0.0,0.0,-72.0,-618.0,0.0,0.0,-90.0,-468.0,196.0,0.0,0.0,842.0,6750.0,2.0,0.0,174.0,-10.0,9056.0,34184.0,36017.0,0.0,10.6,34.0,100.0,12.18000030517578,12.25,11.925000190734863,-0.194499057772405,34,14.56,14.56,48.99,50.0,31.843138541666665,20.42962570390739,27.30945675595238,11.96500015258789,11.93000030517578,0.0349998474121093,-1052.0,-0.0658497142139822,36.0,7,3,1,0
2020-01-09 07:30:00+00:00,2020-01-09,16,16.5,16.5,2206.0,15873.0,3056.0,0.0,0.0,-212.0,-602.0,0.0,0.0,-236.0,-456.0,196.0,0.0,0.0,854.0,6746.0,2.0,0.0,177.0,362.0,8822.0,36284.0,38392.0,0.0,10.1,33.95,100.0,12.18000030517578,12.25,11.925000190734863,-0.194499057772405,34,6.0,6.0,14.56,50.0,30.926471875,20.584147153230976,27.201956755952384,11.96500015258789,11.93000030517578,0.0349998474121093,-1310.0,-0.0658497142139822,36.0,7,3,1,0
2020-01-09 08:00:00+00:00,2020-01-09,17,16.5,16.5,2207.0,16398.0,3274.0,0.0,0.0,-362.0,842.0,0.0,0.0,-386.0,-156.0,-302.0,0.0,0.0,902.0,6756.0,4.0,0.0,168.0,2.0,8539.0,37219.0,39032.0,0.0,9.6,33.9,100.0,12.18000030517578,12.25,11.925000190734863,-0.194499057772405,34,16.5,16.5,6.0,54.5,30.228555208333333,20.491398177952416,27.228742470238096,11.96500015258789,11.93000030517578,0.0349998474121093,-364.0,-0.0658497142139822,36.0,8,3,1,0
2020-01-09 08:30:00+00:00,2020-01-09,18,16.5,16.5,2208.0,16440.0,3352.0,0.0,0.0,-508.0,968.0,0.0,0.0,-456.0,-150.0,-314.0,0.0,0.0,905.0,6747.0,3.0,0.0,168.0,-10.0,8505.0,37207.0,39242.0,0.982,9.3,33.349999999999994,100.0,12.18000030517578,12.25,11.925000190734863,-0.194499057772405,34,16.5,16.5,16.5,50.0,29.436888541666665,20.26655594764145,27.259992470238096,11.96500015258789,11.93000030517578,0.0349998474121093,-460.0,-0.0658497142139822,36.0,8,3,1,0
2020-01-09 09:00:00+00:00,2020-01-09,19,16.5,16.5,2207.0,15549.0,3304.0,0.0,0.0,-536.0,1200.0,0.0,0.0,-456.0,280.0,470.0,0.0,0.0,902.0,6736.0,3.0,0.0,167.0,-8.0,8746.0,37883.0,39483.0,79.894,9.0,32.8,100.0,12.18000030517578,12.25,11.925000190734863,-0.194499057772405,34,16.5,16.5,16.5,50.0,28.738971875,20.11964529157623,27.286629375,11.96500015258789,11.93000030517578,0.0349998474121093,958.0,-0.0658497142139822,36.0,9,3,1,0
2020-01-09 09:30:00+00:00,2020-01-09,20,15.3,15.3,2207.0,15512.0,3058.0,0.0,0.0,-536.0,1172.0,0.0,0.0,-456.0,304.0,500.0,0.0,0.0,908.0,6717.0,4.0,0.0,167.0,-8.0,8861.0,37733.0,39332.0,414.366,8.7,31.8,83.5,12.18000030517578,12.25,11.925000190734863,-0.194499057772405,34,16.5,16.5,16.5,51.5,28.041055208333333,19.94673058063753,27.317879375,11.96500015258789,11.93000030517578,0.0349998474121093,984.0,-0.0658497142139822,36.0,9,3,1,0
2020-01-09 10:00:00+00:00,2020-01-09,21,15.3,15.3,2203.0,15410.0,2974.0,0.0,0.0,-536.0,396.0,0.0,0.0,-456.0,766.0,756.0,0.0,0.0,891.0,6704.0,4.0,0.0,168.0,-10.0,8816.0,37414.0,39014.0,766.077,8.4,30.8,67.0,12.18000030517578,12.25,11.925000190734863,-0.194499057772405,34,15.3,15.3,16.5,50.0,27.286888541666663,19.72399900327032,27.345557946428567,11.96500015258789,11.93000030517578,0.0349998474121093,926.0,-0.0658497142139822,36.0,10,3,1,0
2020-01-09 10:30:00+00:00,2020-01-09,22,18.0,18.0,2187.0,15729.0,2999.0,0.0,0.0,-536.0,360.0,0.0,0.0,-456.0,776.0,762.0,0.0,0.0,882.0,6693.0,4.0,0.0,169.0,-6.0,8479.0,37366.0,38963.0,1117.62,8.4,28.4,74.0,12.18000030517578,12.25,11.925000190734863,-0.194499057772405,34,15.3,15.3,15.3,14.0,26.563971875,19.508543289710406,27.373236517857137,11.96500015258789,11.93000030517578,0.0349998474121093,906.0,-0.0658497142139822,36.0,10,3,1,0
2020-01-09 11:00:00+00:00,2020-01-09,23,18.06,18.06,2163.0,16089.0,3030.0,0.0,0.0,-536.0,558.0,0.0,0.0,-456.0,428.0,954.0,0.0,0.0,838.0,6690.0,4.0,0.0,169.0,-6.0,8098.0,37358.0,38954.0,1324.33,8.4,26.0,81.0,12.18000030517578,12.25,11.925000190734863,-0.194499057772405,34,18.0,18.0,15.3,4.5,26.64730520833333,19.46222099904281,27.40359366071428,11.96500015258789,11.93000030517578,0.0349998474121093,948.0,-0.0658497142139822,36.0,11,3,1,0
2020-01-09 11:30:00+00:00,2020-01-09,24,18.25,18.25,2158.0,16297.0,3175.0,0.0,0.0,-536.0,560.0,0.0,0.0,-456.0,420.0,956.0,0.0,0.0,852.0,6693.0,1.0,0.0,171.0,-4.0,7729.0,37393.0,38988.0,1791.27,8.5,25.25,60.0,12.18000030517578,12.25,11.925000190734863,-0.194499057772405,34,18.06,18.06,18.0,4.5,26.92980520833333,19.230945891742163,27.434129375000005,11.96500015258789,11.93000030517578,0.0349998474121093,944.0,-0.0658497142139822,36.0,11,3,1,0
2020-01-09 12:00:00+00:00,2020-01-09,25,18.55,18.55,2118.0,17266.0,3116.0,0.0,0.0,-536.0,618.0,0.0,0.0,-456.0,400.0,1000.0,0.0,0.0,836.0,6688.0,1.0,0.0,172.0,16.0,7219.0,37818.0,39413.0,2334.62,8.6,24.5,39.0,12.18000030517578,12.25,11.925000190734863,-0.194499057772405,34,18.25,18.25,18.06,51.95,27.216263541666663,18.99063610777909,27.46523056547619,11.96500015258789,11.93000030517578,0.0349998474121093,1026.0,-0.0658497142139822,36.0,12,3,1,0
2020-01-09 12:30:00+00:00,2020-01-09,26,50.0,50.0,2105.0,17771.0,3150.0,0.0,0.0,-536.0,618.0,0.0,0.0,-456.0,400.0,1000.0,0.0,0.0,823.0,6687.0,1.0,0.0,174.0,-4.0,6972.0,38057.0,39652.0,2083.48,9.0,22.1,63.0,12.18000030517578,12.25,11.925000190734863,-0.194499057772405,34,18.55,18.55,18.25,51.95,26.52043020833333,18.67435708017468,27.371629375,11.96500015258789,11.93000030517578,0.0349998474121093,1026.0,-0.0658497142139822,36.0,12,3,1,0
2020-01-09 13:00:00+00:00,2020-01-09,27,18.5,18.5,2105.0,17701.0,3049.0,0.0,0.0,-536.0,1422.0,0.0,0.0,-456.0,400.0,1000.0,0.0,0.0,830.0,6693.0,1.0,0.0,176.0,-4.0,6722.0,38487.0,40082.0,1999.24,9.4,19.7,87.0,12.18000030517578,12.25,11.925000190734863,-0.194499057772405,34,50.0,50.0,18.55,51.95,26.47980520833333,18.61990112406181,27.371629375,11.96500015258789,11.93000030517578,0.0349998474121093,1830.0,-0.0658497142139822,36.0,13,3,1,0
2020-01-09 13:30:00+00:00,2020-01-09,28,50.0,50.0,2143.0,18290.0,3025.0,0.0,0.0,-536.0,1458.0,0.0,0.0,-456.0,400.0,1000.0,0.0,0.0,844.0,6689.0,1.0,0.0,198.0,26.0,6367.0,38810.0,40404.0,1666.43,8.95,16.7,74.5,12.18000030517578,12.25,11.925000190734863,-0.194499057772405,34,18.5,18.5,50.0,14.0,25.782930208333337,18.26901209615813,27.271926994047615,11.96500015258789,11.93000030517578,0.0349998474121093,1866.0,-0.0658497142139822,36.0,13,3,1,0
2020-01-09 14:00:00+00:00,2020-01-09,29,69.0,69.0,2176.0,19119.0,3135.0,0.0,0.0,-536.0,848.0,0.0,0.0,-456.0,460.0,1000.0,0.0,0.0,937.0,6707.0,1.0,0.0,220.0,356.0,5778.0,39113.0,40709.0,1028.7,8.5,13.7,62.0,12.18000030517578,12.25,11.925000190734863,-0.194499057772405,34,50.0,50.0,18.5,4.5,26.532930208333337,18.5123298558819,27.270438898809523,11.96500015258789,11.93000030517578,0.0349998474121093,1316.0,-0.0658497142139822,36.0,14,3,1,0
2020-01-09 14:30:00+00:00,2020-01-09,30,69.0,69.0,2201.0,19771.0,3258.0,0.0,0.0,-536.0,880.0,0.0,0.0,-456.0,460.0,1000.0,0.0,0.0,966.0,6723.0,1.0,0.0,223.0,246.0,5429.0,39518.0,41119.0,581.905,8.15,12.4,77.5,12.18000030517578,12.25,11.925000190734863,-0.194499057772405,34,69.0,69.0,50.0,51.95,27.876680208333337,19.20689641918596,27.32698651785714,11.96500015258789,11.93000030517578,0.0349998474121093,1348.0,-0.0658497142139822,36.0,14,3,1,0
2020-01-09 15:00:00+00:00,2020-01-09,31,69.0,69.0,2242.0,20409.0,3230.0,0.0,0.0,-536.0,874.0,0.0,0.0,-456.0,502.0,1000.0,0.0,0.0,1008.0,6731.0,1.0,0.0,222.0,326.0,4928.0,39875.0,41478.0,250.425,7.8,11.1,93.0,12.18000030517578,12.25,11.925000190734863,-0.194499057772405,34,69.0,69.0,69.0,50.95,28.231888541666667,19.80977369752027,27.50615318452381,11.96500015258789,11.93000030517578,0.0349998474121093,1384.0,-0.0658497142139822,36.0,15,3,1,0
2020-01-09 15:30:00+00:00,2020-01-09,32,70.0,70.0,2263.0,21168.0,3285.0,0.0,0.0,-536.0,918.0,0.0,0.0,-456.0,504.0,1000.0,0.0,0.0,1023.0,6748.0,1.0,0.0,246.0,718.0,4518.0,40874.0,42471.0,107.643,7.35,9.05,96.5,12.18000030517578,12.25,11.925000190734863,-0.194499057772405,34,69.0,69.0,69.0,60.84,28.60793020833333,20.412352365334907,27.561212708333333,11.96500015258789,11.93000030517578,0.0349998474121093,1430.0,-0.0658497142139822,36.0,15,3,1,0
2020-01-09 16:00:00+00:00,2020-01-09,33,19.0,19.0,2298.0,21801.0,3202.0,0.0,0.0,-536.0,1888.0,0.0,0.0,-456.0,498.0,1020.0,0.0,0.0,1026.0,6753.0,1.0,0.0,228.0,756.0,4471.0,42409.0,44016.0,26.784,6.9,7.0,100.0,12.18000030517578,12.25,11.925000190734863,-0.194499057772405,34,70.0,70.0,69.0,22.5,28.79876354166667,20.75995693038613,27.620736517857143,11.96500015258789,11.93000030517578,0.0349998474121093,2414.0,-0.0658497142139822,36.0,16,3,1,0
2020-01-09 16:30:00+00:00,2020-01-09,34,19.1,19.1,2432.0,22328.0,3167.0,0.0,0.0,-536.0,1904.0,0.0,0.0,-456.0,500.0,1020.0,0.0,0.0,1043.0,6761.0,46.0,0.0,274.0,1340.0,4292.0,43479.0,45082.0,0.04,6.550000000000001,8.4,100.0,12.18000030517578,12.25,11.925000190734863,-0.194499057772405,34,19.0,19.0,70.0,60.84,28.725846875,20.788678019628676,27.65109366071428,11.96500015258789,11.93000030517578,0.0349998474121093,2432.0,-0.0658497142139822,36.0,16,3,1,0
2020-01-09 17:00:00+00:00,2020-01-09,35,18.05,18.05,2562.0,22236.0,3154.0,0.0,0.0,-536.0,1928.0,0.0,0.0,-456.0,700.0,1020.0,0.0,0.0,1041.0,6765.0,145.0,0.0,356.0,1258.0,4160.0,43666.0,45266.0,0.0,6.2,9.8,100.0,12.18000030517578,12.25,11.925000190734863,-0.194499057772405,34,19.1,19.1,19.0,4.5,27.856263541666664,20.28362245626495,27.681748422619048,11.96500015258789,11.93000030517578,0.0349998474121093,2656.0,-0.0658497142139822,36.0,17,3,1,0
2020-01-09 17:30:00+00:00,2020-01-09,36,19.0,19.0,2556.0,22477.0,3152.0,0.0,0.0,-536.0,1928.0,0.0,0.0,-456.0,704.0,1020.0,0.0,0.0,1042.0,6772.0,145.0,0.0,321.0,1292.0,3700.0,43467.0,45066.0,0.0,5.95,12.15,96.5,12.18000030517578,12.25,11.925000190734863,-0.194499057772405,34,18.05,18.05,19.1,18.0,28.13855520833333,20.044532168695277,27.70898056547619,11.96500015258789,11.93000030517578,0.0349998474121093,2660.0,-0.0658497142139822,36.0,17,3,1,0
2020-01-09 18:00:00+00:00,2020-01-09,37,19.0,19.0,2575.0,22359.0,3160.0,0.0,0.0,-490.0,2002.0,0.0,0.0,-456.0,760.0,1020.0,0.0,0.0,1042.0,6771.0,144.0,0.0,280.0,1040.0,3181.0,42731.0,44285.0,0.0,5.7,14.5,93.0,12.18000030517578,12.25,11.925000190734863,-0.194499057772405,34,19.0,19.0,18.05,19.15,28.15938854166667,20.03428749204691,27.73904008928572,11.96500015258789,11.93000030517578,0.0349998474121093,2836.0,-0.0658497142139822,36.0,18,3,1,0
2020-01-09 18:30:00+00:00,2020-01-09,38,68.5,68.5,2588.0,22516.0,3125.0,0.0,0.0,-502.0,2004.0,0.0,0.0,-440.0,760.0,1020.0,0.0,0.0,1042.0,6773.0,117.0,0.0,271.0,856.0,3169.0,42589.0,44140.0,0.0,5.25,13.3,96.5,12.18000030517578,12.25,11.925000190734863,-0.194499057772405,34,19.0,19.0,19.0,56.0,28.156263541666664,20.035734346396183,27.768206755952377,11.96500015258789,11.93000030517578,0.0349998474121093,2842.0,-0.0658497142139822,36.0,18,3,1,0
2020-01-09 19:00:00+00:00,2020-01-09,39,65.0,65.0,2580.0,21868.0,3120.0,0.0,0.0,-346.0,2002.0,0.0,0.0,-316.0,850.0,1020.0,0.0,0.0,1033.0,6770.0,100.0,0.0,206.0,312.0,3263.0,41807.0,43090.0,0.0,4.8,12.1,100.0,12.18000030517578,12.25,11.925000190734863,-0.194499057772405,34,68.5,68.5,19.0,56.0,28.41668020833333,20.481610221094133,27.94558770833333,11.96500015258789,11.93000030517578,0.0349998474121093,3210.0,-0.0658497142139822,36.0,19,3,1,0
2020-01-09 19:30:00+00:00,2020-01-09,40,57.5,57.5,2591.0,20931.0,3003.0,0.0,0.0,-206.0,2004.0,0.0,0.0,-362.0,850.0,1020.0,0.0,0.0,1012.0,6767.0,100.0,0.0,184.0,290.0,3219.0,40610.0,41786.0,0.0,4.8,11.85,100.0,12.18000030517578,12.25,11.925000190734863,-0.194499057772405,34,65.0,65.0,68.5,52.0,28.60418020833333,20.77853897293772,28.112551994047617,11.96500015258789,11.93000030517578,0.0349998474121093,3306.0,-0.0658497142139822,36.0,19,3,1,0
2020-01-09 20:00:00+00:00,2020-01-09,41,53.0,53.0,2617.0,19322.0,2779.0,0.0,0.0,-54.0,2004.0,0.0,0.0,-238.0,616.0,1020.0,0.0,0.0,948.0,6774.0,3.0,0.0,163.0,270.0,3572.0,39006.0,39904.0,0.0,4.8,11.6,100.0,12.18000030517578,12.25,11.925000190734863,-0.194499057772405,34,57.5,57.5,65.0,51.5,28.718763541666664,20.92494940450931,28.256897232142855,11.96500015258789,11.93000030517578,0.0349998474121093,3348.0,-0.0658497142139822,36.0,20,3,1,0
2020-01-09 20:30:00+00:00,2020-01-09,42,50.0,50.0,2612.0,18009.0,2702.0,0.0,0.0,0.0,2004.0,0.0,0.0,-204.0,612.0,1020.0,0.0,0.0,821.0,6765.0,0.0,0.0,162.0,6.0,3935.0,37779.0,38589.0,0.0,4.55,12.75,100.0,12.18000030517578,12.25,11.925000190734863,-0.194499057772405,34,53.0,53.0,57.5,19.15,28.750013541666664,20.96078491033526,28.38784961309524,11.96500015258789,11.93000030517578,0.0349998474121093,3432.0,-0.0658497142139822,36.0,20,3,1,0
2020-01-09 21:00:00+00:00,2020-01-09,43,19.0,19.0,2629.0,16099.0,2546.0,0.0,0.0,16.0,2004.0,0.0,0.0,-66.0,654.0,1000.0,0.0,0.0,807.0,6766.0,2.0,0.0,161.0,-6.0,4079.0,35840.0,36511.0,0.0,4.3,13.9,100.0,12.18000030517578,12.25,11.925000190734863,-0.194499057772405,34,50.0,50.0,53.0,21.25,29.392721875,21.132427337439097,28.510171041666663,11.96500015258789,11.93000030517578,0.0349998474121093,3608.0,-0.0658497142139822,36.0,21,3,1,0
2020-01-09 21:30:00+00:00,2020-01-09,44,49.95,49.95,2620.0,14411.0,2316.0,0.0,0.0,4.0,2002.0,0.0,0.0,-86.0,654.0,1000.0,0.0,0.0,821.0,6764.0,1.0,0.0,171.0,6.0,3911.0,33775.0,34467.0,0.0,4.3,14.15,100.0,12.18000030517578,12.25,11.925000190734863,-0.194499057772405,34,19.0,19.0,50.0,50.0,29.345846875,21.153358509450083,28.539932946428568,11.96500015258789,11.93000030517578,0.0349998474121093,3574.0,-0.0658497142139822,36.0,21,3,1,0
2020-01-09 22:00:00+00:00,2020-01-09,45,51.0,51.0,2591.0,12906.0,1897.0,0.0,0.0,0.0,1904.0,0.0,0.0,-64.0,596.0,1000.0,0.0,0.0,745.0,6765.0,1.0,0.0,178.0,20.0,3993.0,31641.0,32312.0,0.0,4.3,14.4,100.0,12.18000030517578,12.25,11.925000190734863,-0.194499057772405,34,49.95,49.95,19.0,18.0,29.34480520833333,21.15232099099313,28.626123422619045,11.96500015258789,11.93000030517578,0.0349998474121093,3436.0,-0.0658497142139822,36.0,22,3,1,0
2020-01-09 22:30:00+00:00,2020-01-09,46,19.0,19.0,2610.0,11077.0,1501.0,0.0,0.0,0.0,1904.0,0.0,0.0,-182.0,596.0,1000.0,0.0,0.0,736.0,6762.0,2.0,0.0,192.0,46.0,4059.0,29487.0,30276.0,0.0,4.35,14.15,100.0,12.18000030517578,12.25,11.925000190734863,-0.194499057772405,34,51.0,51.0,49.95,18.0,30.03230520833333,21.31143308760577,28.76005199404762,11.96500015258789,11.93000030517578,0.0349998474121093,3318.0,-0.0658497142139822,36.0,22,3,1,0
2020-01-09 23:00:00+00:00,2020-01-09,47,49.0,49.0,2629.0,9237.0,1496.0,0.0,0.0,0.0,1708.0,0.0,0.0,-318.0,848.0,854.0,0.0,0.0,740.0,6768.0,2.0,0.0,172.0,30.0,4153.0,27523.0,28450.0,0.0,4.4,13.9,100.0,12.18000030517578,12.25,11.925000190734863,-0.194499057772405,34,19.0,19.0,51.0,25.44,30.053138541666662,21.299906117005367,28.80915913690476,11.96500015258789,11.93000030517578,0.0349998474121093,3092.0,-0.0658497142139822,36.0,23,3,1,0
2020-01-09 23:30:00+00:00,2020-01-09,48,49.25,49.25,2317.0,8221.0,1877.0,0.0,0.0,186.0,1304.0,0.0,0.0,-38.0,854.0,854.0,0.0,0.0,728.0,6660.0,4.0,0.0,148.0,192.0,3828.0,27905.666666666668,28820.88888888889,0.0,4.6,14.6,96.0,12.18000030517578,12.25,11.925000190734863,-0.194499057772405,34,49.0,49.0,19.0,46.0,30.543971875,21.46217876076065,28.907879375,11.96500015258789,11.93000030517578,0.0349998474121093,3160.0,-0.0658497142139822,36.0,23,3,1,0
2020-01-10 00:00:00+00:00,2020-01-10,1,49.0,49.0,2582.0,7666.0,1511.0,0.0,0.0,0.0,1708.0,0.0,0.0,-378.0,758.0,854.0,0.0,0.0,683.0,6768.0,0.0,0.0,168.0,-10.0,4325.0,28288.33333333333,29191.777777777777,0.0,4.8,15.3,92.0,11.9399995803833,12.225000381469728,11.9399995803833,-0.1472659957944415,32,49.25,49.25,49.0,25.99,30.611680208333336,21.517032905275304,29.047016279761905,12.18000030517578,11.96500015258789,0.2150001525878906,2942.0,-0.194499057772405,34.0,0,4,1,0
2020-01-10 00:30:00+00:00,2020-01-10,2,49.24,49.24,2583.0,7759.0,1503.0,0.0,0.0,-40.0,1706.0,0.0,0.0,-232.0,756.0,854.0,0.0,0.0,683.0,6768.0,1.0,0.0,172.0,-12.0,4344.0,28671.0,29562.666666666668,0.0,4.85,16.200000000000003,84.5,11.9399995803833,12.225000381469728,11.9399995803833,-0.1472659957944415,32,49.0,49.0,49.25,23.61011,31.091055208333334,21.667667399547,29.18540913690476,12.18000030517578,11.96500015258789,0.2150001525878906,3044.0,-0.194499057772405,34.0,0,4,1,0
2020-01-10 01:00:00+00:00,2020-01-10,3,49.24,49.24,2537.0,7667.0,1529.0,0.0,0.0,-188.0,1706.0,0.0,0.0,-240.0,852.0,854.0,0.0,0.0,683.0,6769.0,1.0,0.0,169.0,-88.0,4470.0,29053.666666666668,29933.555555555555,0.0,4.9,17.1,77.0,11.9399995803833,12.225000381469728,11.9399995803833,-0.1472659957944415,32,49.24,49.24,49.0,9.14054,31.62501125,21.79481761380079,29.280915089285717,12.18000030517578,11.96500015258789,0.2150001525878906,2984.0,-0.194499057772405,34.0,1,4,1,0
2020-01-10 01:30:00+00:00,2020-01-10,4,49.0,49.0,2538.0,7361.0,1511.0,0.0,0.0,-314.0,1706.0,0.0,0.0,-258.0,852.0,854.0,0.0,0.0,685.0,6769.0,1.0,0.0,169.0,-202.0,4530.0,29436.33333333333,30304.444444444445,0.0,4.800000000000001,17.450000000000003,74.5,11.9399995803833,12.225000381469728,11.9399995803833,-0.1472659957944415,32,49.24,49.24,49.24,2.5,32.46041666666667,21.682868319161557,29.27567699404762,12.18000030517578,11.96500015258789,0.2150001525878906,2840.0,-0.194499057772405,34.0,1,4,1,0
